<?xml version="1.0" encoding="UTF-8"?>
<!--
        *** GENERATED FROM project.xml - DO NOT EDIT  ***
        ***         EDIT ../build.xml INSTEAD         ***

        For the purpose of easier reading the script
        is divided into following sections:

        - initialization
        - compilation
        - jar
        - execution
        - debugging
        - javadoc
        - junit compilation
        - junit execution
        - junit debugging
        - applet
        - cleanup

        -->
<project name="clientmdbentity-app-client-impl" default="default" basedir=".." xmlns:carproject="http://www.netbeans.org/ns/car-project/1" xmlns:jaxws="http://www.netbeans.org/ns/jax-ws/1">
    <import file="ant-deploy.xml"/>
    <target name="default" depends="dist,javadoc" description="Build whole project."/>
    <!-- 
                ======================
                INITIALIZATION SECTION 
                ======================
            -->
    <target name="-pre-init">
        <!-- Empty placeholder for easier customization. -->
        <!-- You can override this target in the ../build.xml file. -->
    </target>
    <target name="-init-private" depends="-pre-init">
        <property file="nbproject/private/private.properties"/>
    </target>
    <target name="-init-user" depends="-pre-init,-init-private">
        <property file="${user.properties.file}"/>
        <!-- The two properties below are usually overridden -->
        <!-- by the active platform. Just a fallback. -->
        <property name="default.javac.source" value="1.4"/>
        <property name="default.javac.target" value="1.4"/>
    </target>
    <target name="-init-project" depends="-pre-init,-init-private,-init-user">
        <property file="nbproject/project.properties"/>
    </target>
    <target name="-do-init" depends="-pre-init,-init-private,-init-user,-init-project,-init-macrodef-property">
        <condition property="have.tests">
            <or>
                <available file="${test.src.dir}"/>
            </or>
        </condition>
        <condition property="have.sources">
            <or>
                <available file="${src.dir}"/>
            </or>
        </condition>
        <condition property="netbeans.home+have.tests">
            <and>
                <isset property="netbeans.home"/>
                <isset property="have.tests"/>
            </and>
        </condition>
        <condition property="no.javadoc.preview">
            <isfalse value="${javadoc.preview}"/>
        </condition>
        <property name="javac.compilerargs" value=""/>
        <property name="work.dir" value="${basedir}"/>
        <condition property="no.deps">
            <and>
                <istrue value="${no.dependencies}"/>
            </and>
        </condition>
        <property name="javac.debug" value="true"/>
        <property name="javadoc.preview" value="true"/>
        <available file="${meta.inf}/MANIFEST.MF" property="has.custom.manifest"/>
        <condition property="classes.dir" value="${build.ear.classes.dir}">
            <isset property="dist.ear.dir"/>
        </condition>
        <property name="classes.dir" value="${build.classes.dir}"/>
        <condition property="no.deps">
            <and>
                <istrue value="${no.dependencies}"/>
            </and>
        </condition>
        <condition property="no.dist.ear.dir">
            <not>
                <isset property="dist.ear.dir"/>
            </not>
        </condition>
        <condition property="do.display.browser">
            <istrue value="${display.browser}"/>
        </condition>
        <condition property="application.args.param" value="${application.args}" else="">
            <and>
                <isset property="application.args"/>
                <not>
                    <equals arg1="${application.args}" arg2="" trim="true"/>
                </not>
            </and>
        </condition>
        <condition property="run.jvmargs.param" value="${run.jvmargs}" else="">
            <and>
                <isset property="run.jvmargs"/>
                <not>
                    <equals arg1="${run.jvmargs}" arg2="" trim="true"/>
                </not>
            </and>
        </condition>
    </target>
    <target name="-post-init">
        <!-- Empty placeholder for easier customization. -->
        <!-- You can override this target in the ../build.xml file. -->
    </target>
    <target name="-init-check" depends="-pre-init,-init-private,-init-user,-init-project,-do-init">
        <fail unless="src.dir">Must set src.dir</fail>
        <fail unless="test.src.dir">Must set test.src.dir</fail>
        <fail unless="build.dir">Must set build.dir</fail>
        <fail unless="dist.dir">Must set dist.dir</fail>
        <fail unless="build.classes.dir">Must set build.classes.dir</fail>
        <fail unless="build.generated.dir">Must set build.generated.dir</fail>
        <fail unless="dist.javadoc.dir">Must set dist.javadoc.dir</fail>
        <fail unless="build.test.classes.dir">Must set build.test.classes.dir</fail>
        <fail unless="build.test.results.dir">Must set build.test.results.dir</fail>
        <fail unless="build.classes.excludes">Must set build.classes.excludes</fail>
        <fail unless="dist.jar">Must set dist.jar</fail>
    </target>
    <target name="-init-macrodef-property">
        <macrodef name="property" uri="http://www.netbeans.org/ns/car-project/1">
            <attribute name="name"/>
            <attribute name="value"/>
            <sequential>
                <property name="@{name}" value="${@{value}}"/>
            </sequential>
        </macrodef>
    </target>
    <target name="-init-macrodef-javac">
        <macrodef name="javac" uri="http://www.netbeans.org/ns/car-project/1">
            <attribute name="srcdir" default="${src.dir}"/>
            <attribute name="destdir" default="${build.classes.dir}"/>
            <attribute name="classpath" default="${javac.classpath}:${j2ee.platform.classpath}"/>
            <attribute name="debug" default="${javac.debug}"/>
            <element name="customize" optional="true"/>
            <sequential>
                <javac srcdir="@{srcdir}" destdir="@{destdir}" debug="@{debug}" deprecation="${javac.deprecation}" source="${javac.source}" target="${javac.target}" includeantruntime="false">
                    <classpath>
                        <path path="@{classpath}"/>
                    </classpath>
                    <compilerarg line="${javac.compilerargs}"/>
                    <customize/>
                </javac>
            </sequential>
        </macrodef>
    </target>
    <target name="-init-macrodef-junit">
        <macrodef name="junit" uri="http://www.netbeans.org/ns/car-project/1">
            <attribute name="includes" default="**/*Test.java"/>
            <sequential>
                <junit showoutput="true" fork="true" dir="${basedir}" failureproperty="tests.failed" errorproperty="tests.failed">
                    <batchtest todir="${build.test.results.dir}">
                        <fileset dir="${test.src.dir}" includes="@{includes}"/>
                    </batchtest>
                    <classpath>
                        <path path="${run.test.classpath}"/>
                        <path path="${j2ee.platform.classpath}"/>
                    </classpath>
                    <syspropertyset>
                        <propertyref prefix="test-sys-prop."/>
                        <mapper type="glob" from="test-sys-prop.*" to="*"/>
                    </syspropertyset>
                    <formatter type="brief" usefile="false"/>
                    <formatter type="xml"/>
                    <jvmarg line="${run.jvmargs.param}"/>
                </junit>
            </sequential>
        </macrodef>
    </target>
    <target name="-init-macrodef-java">
        <macrodef name="java" uri="http://www.netbeans.org/ns/car-project/1">
            <attribute name="classname" default="${main.class}"/>
            <element name="customize" optional="true"/>
            <sequential>
                <java fork="true" classname="@{classname}" dir="${work.dir}">
                    <jvmarg line="${j2ee.appclient.tool.jvmoptions}"/>
                    <jvmarg line="${run.jvmargs.param}"/>
                    <classpath>
                        <path path="${dist.jar}:${javac.classpath}:${j2ee.platform.classpath}:${j2ee.appclient.tool.runtime}"/>
                    </classpath>
                    <syspropertyset>
                        <propertyref prefix="run-sys-prop."/>
                        <mapper type="glob" from="run-sys-prop.*" to="*"/>
                    </syspropertyset>
                    <customize/>
                </java>
            </sequential>
        </macrodef>
    </target>
    <target name="-init-macrodef-nbjpda">
        <macrodef name="nbjpdastart" uri="http://www.netbeans.org/ns/car-project/1">
            <attribute name="name" default="${main.class}"/>
            <attribute name="classpath" default="${debug.classpath}"/>
            <attribute name="stopclassname" default=""/>
            <sequential>
                <nbjpdastart transport="dt_socket" addressproperty="jpda.address" name="@{name}" stopclassname="@{stopclassname}">
                    <classpath>
                        <path path="@{classpath}"/>
                    </classpath>
                </nbjpdastart>
            </sequential>
        </macrodef>
        <macrodef name="nbjpdareload" uri="http://www.netbeans.org/ns/car-project/1">
            <attribute name="dir" default="${build.classes.dir}"/>
            <sequential>
                <nbjpdareload>
                    <fileset includes="${fix.includes}*.class" dir="@{dir}"/>
                </nbjpdareload>
            </sequential>
        </macrodef>
    </target>
    <target name="-init-macrodef-debug">
        <macrodef name="debug" uri="http://www.netbeans.org/ns/car-project/1">
            <attribute name="classname" default="${main.class}"/>
            <attribute name="classpath" default="${debug.classpath}"/>
            <element name="customize" optional="true"/>
            <attribute name="args" default="${application.args.param}"/>
            <sequential>
                <java fork="true" classname="@{classname}" dir="${work.dir}">
                    <jvmarg value="-Xdebug"/>
                    <jvmarg value="-Xnoagent"/>
                    <jvmarg value="-Djava.compiler=none"/>
                    <jvmarg value="-Xrunjdwp:transport=dt_socket,address=${jpda.address}"/>
                    <jvmarg line="${run.jvmargs.param}"/>
                    <classpath>
                        <path path="@{classpath}"/>
                    </classpath>
                    <syspropertyset>
                        <propertyref prefix="run-sys-prop."/>
                        <mapper type="glob" from="run-sys-prop.*" to="*"/>
                    </syspropertyset>
                    <arg line="@{args}"/>
                    <customize/>
                </java>
            </sequential>
        </macrodef>
    </target>
    <target name="-init-macrodef-debug-appclient">
        <macrodef name="debug-appclient" uri="http://www.netbeans.org/ns/car-project/1">
            <attribute name="mainclass"/>
            <attribute name="classpath" default="${debug.classpath}"/>
            <element name="customize" optional="true"/>
            <attribute name="args" default="${application.args.param}"/>
            <sequential>
                <parallel>
                    <java fork="true" classname="@{mainclass}" dir="${work.dir}">
                        <jvmarg line="${j2ee.appclient.tool.jvmoptions}"/>
                        <jvmarg value="-Xdebug"/>
                        <jvmarg value="-Xnoagent"/>
                        <jvmarg value="-Djava.compiler=none"/>
                        <jvmarg value="-Xrunjdwp:transport=${jpda.transport},server=y,address=${jpda.address},suspend=y"/>
                        <jvmarg line="${run.jvmargs.param}"/>
                        <arg line="@{args}"/>
                        <classpath>
                            <path path="${javac.classpath}:${j2ee.platform.classpath}:${j2ee.appclient.tool.runtime}"/>
                            <path path="@{classpath}"/>
                        </classpath>
                        <syspropertyset>
                            <propertyref prefix="run-sys-prop."/>
                            <mapper type="glob" from="run-sys-prop.*" to="*"/>
                        </syspropertyset>
                        <customize/>
                    </java>
                    <nbjpdaconnect name="${name}" host="${jpda.host}" address="${jpda.address}" transport="${jpda.transport}">
                        <classpath>
                            <path path="${javac.classpath}:${j2ee.platform.classpath}:${j2ee.appclient.tool.runtime}"/>
                            <path path="@{classpath}"/>
                        </classpath>
                        <sourcepath>
                            <path path="${src.dir}"/>
                        </sourcepath>
                    </nbjpdaconnect>
                </parallel>
            </sequential>
        </macrodef>
    </target>
    <target name="init" depends="-pre-init,-init-private,-init-user,-init-project,-do-init,-post-init,-init-check,-init-macrodef-property,-init-macrodef-javac,-init-macrodef-junit,-init-macrodef-java,-init-macrodef-nbjpda,-init-macrodef-debug,-init-macrodef-debug-appclient"/>
    <!--
                ===================
                COMPILATION SECTION
                ===================
            -->
    <target name="-check-main-class">
        <fail>
                    Main class must be set. Go to clientmdbentity-app-client project properties -&gt; Run and set the main class there.
                    <condition>
                <not>
                    <or>
                        <isset property="dist.ear.dir"/>
                        <isset property="main.class"/>
                    </or>
                </not>
            </condition>
        </fail>
    </target>
    <target name="-deps-module-jar" depends="init" unless="no.deps" if="no.dist.ear.dir"/>
    <target name="-deps-ear-jar" depends="init" unless="no.deps" if="dist.ear.dir"/>
    <target name="deps-jar" depends="init, -check-main-class, -deps-module-jar, -deps-ear-jar"/>
    <target name="-pre-pre-compile" depends="init,deps-jar">
        <mkdir dir="${classes.dir}"/>
    </target>
    <target name="-pre-compile">
        <!-- Empty placeholder for easier customization. -->
        <!-- You can override this target in the ../build.xml file. -->
    </target>
    <target name="library-inclusion-in-manifest" depends="compile" if="dist.ear.dir">
        <manifest file="${build.ear.classes.dir}/META-INF/MANIFEST.MF" mode="update"/>
    </target>
    <target name="-copy-meta-inf">
        <copy todir="${classes.dir}">
            <fileset dir="${meta.inf}" includes="**/*.dbschema"/>
        </copy>
        <copy todir="${classes.dir}/META-INF">
            <fileset dir="${meta.inf}" excludes="**/*.dbschema **/xml-resources/** ${meta.inf.excludes}"/>
        </copy>
    </target>
    <target name="-do-compile" depends="init,deps-jar,-pre-pre-compile,-pre-compile,-copy-meta-inf" if="have.sources">
        <carproject:javac destdir="${classes.dir}"/>
        <copy todir="${classes.dir}">
            <fileset dir="${src.dir}" excludes="${build.classes.excludes}"/>
        </copy>
    </target>
    <target name="-post-compile">
        <!-- Empty placeholder for easier customization. -->
        <!-- You can override this target in the ../build.xml file. -->
    </target>
    <target name="compile" depends="init,deps-jar,-pre-pre-compile,-pre-compile,-do-compile,-post-compile" description="Compile project."/>
    <target name="-pre-compile-single">
        <!-- Empty placeholder for easier customization. -->
        <!-- You can override this target in the ../build.xml file. -->
    </target>
    <target name="-do-compile-single" depends="init,deps-jar,-pre-pre-compile">
        <fail unless="javac.includes">Must select some files in the IDE or set javac.includes</fail>
        <carproject:javac>
            <customize>
                <patternset includes="${javac.includes}"/>
            </customize>
        </carproject:javac>
    </target>
    <target name="-post-compile-single">
        <!-- Empty placeholder for easier customization. -->
        <!-- You can override this target in the ../build.xml file. -->
    </target>
    <target name="compile-single" depends="init,deps-jar,-pre-pre-compile,-pre-compile-single,-do-compile-single,-post-compile-single"/>
    <!--
                ====================
                DIST BUILDING SECTION
                ====================
            -->
    <target name="-pre-pre-dist" depends="init">
        <dirname property="dist.jar.dir" file="${dist.jar}"/>
        <mkdir dir="${dist.jar.dir}"/>
    </target>
    <target name="-pre-dist">
        <!-- Empty placeholder for easier customization. -->
        <!-- You can override this target in the ../build.xml file. -->
    </target>
    <target name="-do-dist-with-manifest" depends="init,compile,-pre-dist" if="has.custom.manifest">
        <dirname property="dist.jar.dir" file="${dist.jar}"/>
        <mkdir dir="${dist.jar.dir}"/>
        <manifest file="${build.classes.dir}/META-INF/MANIFEST.MF" mode="update">
            <attribute name="Main-Class" value="${main.class}"/>
        </manifest>
        <jar jarfile="${dist.jar}" compress="${jar.compress}" manifest="${build.classes.dir}/META-INF/MANIFEST.MF">
            <fileset dir="${build.classes.dir}"/>
        </jar>
    </target>
    <target name="-do-dist-without-manifest" depends="init,compile,-pre-dist" unless="has.custom.manifest">
        <dirname property="dist.jar.dir" file="${dist.jar}"/>
        <mkdir dir="${dist.jar.dir}"/>
        <jar jarfile="${dist.jar}" compress="${jar.compress}">
            <fileset dir="${build.classes.dir}"/>
        </jar>
    </target>
    <target name="-do-ear-dist-with-manifest" depends="init,compile,-pre-dist" if="has.custom.manifest">
        <dirname property="dist.jar.dir" file="${dist.ear.jar}"/>
        <mkdir dir="${dist.jar.dir}"/>
        <manifest file="${build.ear.classes.dir}/META-INF/MANIFEST.MF" mode="update">
            <attribute name="Main-Class" value="${main.class}"/>
        </manifest>
        <jar jarfile="${dist.ear.jar}" compress="${jar.compress}" manifest="${build.ear.classes.dir}/META-INF/MANIFEST.MF">
            <fileset dir="${build.ear.classes.dir}"/>
        </jar>
    </target>
    <target name="-do-ear-dist-without-manifest" depends="init,compile,-pre-dist" unless="has.custom.manifest">
        <dirname property="dist.jar.dir" file="${dist.ear.jar}"/>
        <mkdir dir="${dist.jar.dir}"/>
        <jar jarfile="${dist.ear.jar}" compress="${jar.compress}">
            <fileset dir="${build.ear.classes.dir}"/>
        </jar>
    </target>
    <target name="-do-dist" depends="init,compile,-pre-dist,-do-dist-without-manifest,-do-dist-with-manifest"/>
    <target name="-do-ear-dist" depends="init,compile,-pre-dist,library-inclusion-in-manifest,-do-ear-dist-without-manifest,-do-ear-dist-with-manifest"/>
    <target name="-post-dist">
        <!-- Empty placeholder for easier customization. -->
        <!-- You can override this target in the ../build.xml file. -->
    </target>
    <target name="dist" depends="init,compile,-pre-dist,-do-dist,-post-dist" description="Build distribution (JAR)."/>
    <target name="dist-ear" depends="init,compile,-pre-dist,-do-ear-dist,-post-dist" description="Build distribution (JAR) to be packaged into an EAR."/>
    <!--
                =================
                EXECUTION SECTION
                =================
            -->
    <target name="run" depends="dist,run-deploy,run-tool,run-jar,run-display-browser" description="Run a main class."/>
    <target name="run-jar" depends="init" description="Run a main class." unless="j2ee.appclient.mainclass.args" if="j2ee.clientName">
        <carproject:java classname="${main.class}">
            <customize>
                <arg line="${application.args.param}"/>
            </customize>
        </carproject:java>
    </target>
    <target name="run-tool" depends="init,-as-retrieve-option-workaround" description="Run a main class." if="j2ee.appclient.mainclass.args" unless="j2ee.clientName">
        <java fork="true" classname="${j2ee.appclient.tool.mainclass}" dir="${work.dir}">
            <jvmarg line="${j2ee.appclient.tool.jvmoptions}"/>
            <jvmarg line="${run.jvmargs.param}"/>
            <arg line="${j2ee.appclient.tool.args}"/>
            <arg line="-client ${client.jar}"/>
            <arg line="${application.args.param}"/>
            <classpath>
                <path path="${javac.classpath}:${j2ee.platform.classpath}:${j2ee.appclient.tool.runtime}"/>
            </classpath>
            <syspropertyset>
                <propertyref prefix="run-sys-prop."/>
                <mapper type="glob" from="run-sys-prop.*" to="*"/>
            </syspropertyset>
        </java>
    </target>
    <target name="run-single" depends="init,compile-single">
        <fail unless="run.class">Must select one file in the IDE or set run.class</fail>
        <carproject:java classname="${run.class}"/>
    </target>
    <target name="-as-retrieve-option-workaround" if="j2ee.appclient.mainclass.args" unless="j2ee.clientName">
        <property name="client.jar" value="${dist.dir}/clientmdbentity-app-clientClient.jar"/>
        <sleep seconds="3"/>
        <copy file="${wa.copy.client.jar.from}/clientmdbentity-app-client/clientmdbentity-app-clientClient.jar" todir="${dist.dir}"/>
    </target>
    <target name="run-deploy" depends="init,compile,dist,-run-deploy-nb,-init-deploy-ant,-deploy-ant"/>
    <target name="-run-deploy-nb" if="netbeans.home">
        <nbdeploy debugmode="false" clientUrlPart="${client.urlPart}" forceRedeploy="${forceRedeploy}"/>
    </target>
    <target name="-init-deploy-ant" unless="netbeans.home">
        <property name="deploy.ant.archive" value="${dist.jar}"/>
        <property name="deploy.ant.resource.dir" value="${resource.dir}"/>
        <property name="deploy.ant.enabled" value="true"/>
    </target>
    <target name="run-undeploy" depends="init,-run-undeploy-nb,-init-deploy-ant,-undeploy-ant"/>
    <target name="-run-undeploy-nb" if="netbeans.home">
        <fail message="Undeploy is not supported from within the IDE"/>
    </target>
    <target name="run-display-browser" depends="run-deploy,-init-display-browser,-display-browser-nb,-display-browser-cl"/>
    <target name="-init-display-browser" if="do.display.browser">
        <condition property="do.display.browser.nb">
            <isset property="netbeans.home"/>
        </condition>
        <condition property="do.display.browser.cl">
            <and>
                <isset property="deploy.ant.enabled"/>
                <isset property="deploy.ant.client.url"/>
            </and>
        </condition>
    </target>
    <target name="-display-browser-nb" if="do.display.browser.nb">
        <nbbrowse url="${client.url}"/>
    </target>
    <target name="-get-browser" if="do.display.browser.cl" unless="browser">
        <condition property="browser" value="rundll32">
            <os family="windows"/>
        </condition>
        <condition property="browser.args" value="url.dll,FileProtocolHandler" else="">
            <os family="windows"/>
        </condition>
        <condition property="browser" value="/usr/bin/open">
            <os family="mac"/>
        </condition>
        <property environment="env"/>
        <condition property="browser" value="${env.BROWSER}">
            <isset property="env.BROWSER"/>
        </condition>
        <condition property="browser" value="/usr/bin/firefox">
            <available file="/usr/bin/firefox"/>
        </condition>
        <condition property="browser" value="/usr/local/firefox/firefox">
            <available file="/usr/local/firefox/firefox"/>
        </condition>
        <condition property="browser" value="/usr/bin/mozilla">
            <available file="/usr/bin/mozilla"/>
        </condition>
        <condition property="browser" value="/usr/local/mozilla/mozilla">
            <available file="/usr/local/mozilla/mozilla"/>
        </condition>
        <condition property="browser" value="/usr/sfw/lib/firefox/firefox">
            <available file="/usr/sfw/lib/firefox/firefox"/>
        </condition>
        <condition property="browser" value="/opt/csw/bin/firefox">
            <available file="/opt/csw/bin/firefox"/>
        </condition>
        <condition property="browser" value="/usr/sfw/lib/mozilla/mozilla">
            <available file="/usr/sfw/lib/mozilla/mozilla"/>
        </condition>
        <condition property="browser" value="/opt/csw/bin/mozilla">
            <available file="/opt/csw/bin/mozilla"/>
        </condition>
    </target>
    <target name="-display-browser-cl" depends="-get-browser" if="do.display.browser.cl">
        <fail unless="browser">
                    Browser not found, cannot launch the deployed application. Try to set the BROWSER environment variable.
                </fail>
        <property name="browse.url" value="${deploy.ant.client.url}${client.urlPart}"/>
        <echo>Launching ${browse.url}</echo>
        <exec executable="${browser}" spawn="true">
            <arg line="${browser.args} ${browse.url}"/>
        </exec>
    </target>
    <target name="verify" depends="dist">
        <nbverify file="${dist.jar}"/>
    </target>
    <target name="run-main" depends="init,compile-single">
        <fail unless="run.class">Must select one file in the IDE or set run.class</fail>
        <carproject:java classname="${run.class}"/>
    </target>
    <!--
                =================
                DEBUGGING SECTION
                =================
            -->
    <target name="-debug-start-debugger" if="netbeans.home" depends="init">
        <carproject:nbjpdastart name="${debug.class}"/>
    </target>
    <target name="-debug-start-debuggee" depends="init,compile">
        <carproject:debug>
            <customize>
                <arg line="${application.args.param}"/>
            </customize>
        </carproject:debug>
    </target>
    <target name="debug-jar" unless="j2ee.appclient.mainclass.args" if="j2ee.clientName">
        <carproject:debug-appclient mainclass="${main.class}" args="${application.args.param}"/>
    </target>
    <target name="debug-tool" depends="init,-as-retrieve-option-workaround" if="j2ee.appclient.mainclass.args" unless="j2ee.clientName">
        <carproject:debug-appclient mainclass="${j2ee.appclient.tool.mainclass}" args="${j2ee.appclient.mainclass.args} ${application.args.param}"/>
    </target>
    <target name="debug" if="netbeans.home" depends="init,compile,run-deploy,debug-tool,debug-jar" description="Debug project in IDE."/>
    <target name="-debug-start-debugger-stepinto" if="netbeans.home" depends="init">
        <carproject:nbjpdastart stopclassname="${main.class}"/>
    </target>
    <target name="debug-stepinto" if="netbeans.home" depends="init,compile,-debug-start-debugger-stepinto,-debug-start-debuggee"/>
    <target name="-debug-start-debuggee-single" if="netbeans.home" depends="init,compile-single">
        <fail unless="debug.class">Must select one file in the IDE or set debug.class</fail>
        <carproject:debug classname="${debug.class}"/>
    </target>
    <target name="debug-single" if="netbeans.home" depends="init,compile-single,-debug-start-debugger,-debug-start-debuggee-single"/>
    <target name="-pre-debug-fix" depends="init">
        <fail unless="fix.includes">Must set fix.includes</fail>
        <property name="javac.includes" value="${fix.includes}.java"/>
    </target>
    <target name="-do-debug-fix" if="netbeans.home" depends="init,-pre-debug-fix,compile-single">
        <carproject:nbjpdareload/>
    </target>
    <target name="debug-fix" if="netbeans.home" depends="init,-pre-debug-fix,-do-debug-fix"/>
    <!--
                ===============
                JAVADOC SECTION
                ===============
            -->
    <target name="-javadoc-build" depends="init">
        <mkdir dir="${dist.javadoc.dir}"/>
        <javadoc destdir="${dist.javadoc.dir}" source="${javac.source}" notree="${javadoc.notree}" use="${javadoc.use}" nonavbar="${javadoc.nonavbar}" noindex="${javadoc.noindex}" splitindex="${javadoc.splitindex}" author="${javadoc.author}" version="${javadoc.version}" windowtitle="${javadoc.windowtitle}" private="${javadoc.private}" additionalparam="${javadoc.additionalparam}" failonerror="true" useexternalfile="true">
            <classpath>
                <path path="${javac.classpath}"/>
            </classpath>
            <sourcepath>
                <pathelement location="${src.dir}"/>
            </sourcepath>
            <packageset dir="${src.dir}" includes="*/**"/>
            <fileset dir="${src.dir}" includes="*.java"/>
        </javadoc>
    </target>
    <target name="-javadoc-browse" if="netbeans.home" unless="no.javadoc.preview" depends="init,-javadoc-build">
        <nbbrowse file="${dist.javadoc.dir}/index.html"/>
    </target>
    <target name="javadoc" depends="init,-javadoc-build,-javadoc-browse" description="Build Javadoc."/>
    <!--
                =========================
                JUNIT COMPILATION SECTION
                =========================
            -->
    <target name="-pre-pre-compile-test" if="have.tests" depends="init,compile">
        <mkdir dir="${build.test.classes.dir}"/>
    </target>
    <target name="-pre-compile-test">
        <!-- Empty placeholder for easier customization. -->
        <!-- You can override this target in the ../build.xml file. -->
    </target>
    <target name="-do-compile-test" if="have.tests" depends="init,compile,-pre-pre-compile-test,-pre-compile-test">
        <carproject:javac srcdir="${test.src.dir}" destdir="${build.test.classes.dir}" debug="true" classpath="${javac.test.classpath}"/>
        <copy todir="${build.test.classes.dir}">
            <fileset dir="${test.src.dir}" excludes="**/*.java"/>
        </copy>
    </target>
    <target name="-post-compile-test">
        <!-- Empty placeholder for easier customization. -->
        <!-- You can override this target in the ../build.xml file. -->
    </target>
    <target name="compile-test" depends="init,compile,-pre-pre-compile-test,-pre-compile-test,-do-compile-test,-post-compile-test"/>
    <target name="-pre-compile-test-single">
        <!-- Empty placeholder for easier customization. -->
        <!-- You can override this target in the ../build.xml file. -->
    </target>
    <target name="-do-compile-test-single" if="have.tests" depends="init,compile,-pre-pre-compile-test,-pre-compile-test-single">
        <fail unless="javac.includes">Must select some files in the IDE or set javac.includes</fail>
        <carproject:javac srcdir="${test.src.dir}" destdir="${build.test.classes.dir}" debug="true" classpath="${javac.test.classpath}">
            <customize>
                <patternset includes="${javac.includes}"/>
            </customize>
        </carproject:javac>
        <copy todir="${build.test.classes.dir}">
            <fileset dir="${test.src.dir}" excludes="**/*.java"/>
        </copy>
    </target>
    <target name="-post-compile-test-single">
        <!-- Empty placeholder for easier customization. -->
        <!-- You can override this target in the ../build.xml file. -->
    </target>
    <target name="compile-test-single" depends="init,compile,-pre-pre-compile-test,-pre-compile-test-single,-do-compile-test-single,-post-compile-test-single"/>
    <!--
                =======================
                JUNIT EXECUTION SECTION
                =======================
            -->
    <target name="-pre-test-run" if="have.tests" depends="init">
        <mkdir dir="${build.test.results.dir}"/>
    </target>
    <target name="-do-test-run" if="have.tests" depends="init,compile-test,-pre-test-run">
        <carproject:junit/>
    </target>
    <target name="-post-test-run" if="have.tests" depends="init,compile-test,-pre-test-run,-do-test-run">
        <fail if="tests.failed">Some tests failed; see details above.</fail>
    </target>
    <target name="test-report" if="have.tests" depends="init"/>
    <target name="-test-browse" if="netbeans.home+have.tests" depends="init"/>
    <target name="test" depends="init,compile-test,-pre-test-run,-do-test-run,test-report,-post-test-run,-test-browse" description="Run unit tests."/>
    <target name="-pre-test-run-single" if="have.tests" depends="init">
        <mkdir dir="${build.test.results.dir}"/>
    </target>
    <target name="-do-test-run-single" if="have.tests" depends="init,compile-test-single,-pre-test-run-single">
        <fail unless="test.includes">Must select some files in the IDE or set test.includes</fail>
        <carproject:junit includes="${test.includes}"/>
    </target>
    <target name="-post-test-run-single" if="have.tests" depends="init,compile-test-single,-pre-test-run-single,-do-test-run-single">
        <fail if="tests.failed">Some tests failed; see details above.</fail>
    </target>
    <target name="test-single" depends="init,compile-test-single,-pre-test-run-single,-do-test-run-single,-post-test-run-single" description="Run single unit test."/>
    <!--
                =======================
                JUNIT DEBUGGING SECTION
                =======================
            -->
    <target name="-debug-start-debuggee-test" if="have.tests" depends="init,compile-test">
        <fail unless="test.class">Must select one file in the IDE or set test.class</fail>
        <carproject:debug classname="junit.textui.TestRunner" classpath="${debug.test.classpath}">
            <customize>
                <arg line="${test.class}"/>
            </customize>
        </carproject:debug>
    </target>
    <target name="-debug-start-debugger-test" if="netbeans.home+have.tests" depends="init,compile-test">
        <carproject:nbjpdastart name="${test.class}" classpath="${debug.test.classpath}"/>
    </target>
    <target name="debug-test" depends="init,compile-test,-debug-start-debugger-test,-debug-start-debuggee-test"/>
    <target name="-do-debug-fix-test" if="netbeans.home" depends="init,-pre-debug-fix,compile-test-single">
        <carproject:nbjpdareload dir="${build.test.classes.dir}"/>
    </target>
    <target name="debug-fix-test" if="netbeans.home" depends="init,-pre-debug-fix,-do-debug-fix-test"/>
    <!--
                =========================
                APPLET EXECUTION SECTION
                =========================
            -->
    <target name="run-applet" depends="init,compile-single">
        <fail unless="applet.url">Must select one file in the IDE or set applet.url</fail>
        <carproject:java classname="sun.applet.AppletViewer">
            <customize>
                <arg value="${applet.url}"/>
            </customize>
        </carproject:java>
    </target>
    <!--
                =========================
                APPLET DEBUGGING  SECTION
                =========================
            -->
    <target name="-debug-start-debuggee-applet" if="netbeans.home" depends="init,compile-single">
        <fail unless="applet.url">Must select one file in the IDE or set applet.url</fail>
        <carproject:debug classname="sun.applet.AppletViewer">
            <customize>
                <arg value="${applet.url}"/>
            </customize>
        </carproject:debug>
    </target>
    <target name="debug-applet" if="netbeans.home" depends="init,compile-single,-debug-start-debugger,-debug-start-debuggee-applet"/>
    <!--
                ===============
                CLEANUP SECTION
                ===============
            -->
    <target name="deps-clean" depends="init" unless="no.deps" if="no.dist.ear.dir"/>
    <target name="-do-clean" depends="init">
        <delete dir="${build.dir}"/>
        <delete dir="${dist.dir}"/>
    </target>
    <target name="-post-clean">
        <!-- Empty placeholder for easier customization. -->
        <!-- You can override this target in the ../build.xml file. -->
    </target>
    <target name="clean" depends="init,deps-clean,-do-clean,-post-clean" description="Clean build products."/>
    <target name="clean-ear" depends="clean" description="Clean build products."/>
</project>
